Instrument,Preset,Family,MixRole,Tags,PeakDb,RmsDb,Status
Contrebasse,Pizzicato Jazz,acoustic,organic-foundation,"bass,factory,acoustic,double-bass,organic-foundation",-1.110,-10.183,ok
Contrebasse,Walking Bass,acoustic,organic-foundation,"bass,factory,acoustic,double-bass,organic-foundation",-1.110,-10.936,ok
Contrebasse,Arco Lyrique,acoustic,organic-foundation,"bass,factory,acoustic,double-bass,organic-foundation",-1.110,-8.794,ok
Contrebasse,Bossa Nova,acoustic,organic-foundation,"bass,factory,acoustic,double-bass,organic-foundation",-1.110,-11.379,ok
Contrebasse,Cinématique,acoustic,organic-foundation,"bass,factory,acoustic,double-bass,organic-foundation",-1.110,-7.654,ok
Contrebasse,Orchestrale Douce,acoustic,organic-foundation,"bass,factory,acoustic,double-bass,organic-foundation",-1.110,-8.151,ok
Contrebasse,Tango Profond,acoustic,organic-foundation,"bass,factory,acoustic,double-bass,organic-foundation",-1.110,-9.608,ok
Contrebasse,Bluegrass Percussif,acoustic,organic-foundation,"bass,factory,acoustic,double-bass,organic-foundation",-1.110,-10.751,ok
Contrebasse,Jazz Club Feutré,acoustic,organic-foundation,"bass,factory,acoustic,double-bass,organic-foundation",-1.110,-9.593,ok
Contrebasse,Solo Expressif,acoustic,organic-foundation,"bass,factory,acoustic,double-bass,organic-foundation",-1.110,-8.546,ok
Contrebasse,Contrebasse Sombre,acoustic,organic-foundation,"bass,factory,acoustic,double-bass,organic-foundation,dark",-1.110,-8.296,ok
Contrebasse,Pizz Court,acoustic,organic-foundation,"bass,factory,acoustic,double-bass,organic-foundation",-1.110,-11.754,ok
Contrebasse,Arco Dramatique,acoustic,organic-foundation,"bass,factory,acoustic,double-bass,organic-foundation",-1.110,-6.797,ok
Contrebasse,Bois Ancien,acoustic,organic-foundation,"bass,factory,acoustic,double-bass,organic-foundation",-1.110,-8.046,ok
Contrebasse,Groove Latin,acoustic,organic-foundation,"bass,factory,acoustic,double-bass,organic-foundation",-1.110,-10.215,ok
Contrebasse,Swing Vintage,acoustic,organic-foundation,"bass,factory,acoustic,double-bass,organic-foundation",-1.110,-9.055,ok
Contrebasse,Folk Rustique,acoustic,organic-foundation,"bass,factory,acoustic,double-bass,organic-foundation",-1.110,-9.760,ok
Contrebasse,Chambre Intime,acoustic,organic-foundation,"bass,factory,acoustic,double-bass,organic-foundation",-1.110,-8.439,ok
Contrebasse,Réggaé Roots,acoustic,organic-foundation,"bass,factory,acoustic,double-bass,organic-foundation",-1.110,-8.739,ok
Contrebasse,Film Noir,acoustic,organic-foundation,"bass,factory,acoustic,double-bass,organic-foundation",-1.110,-7.357,ok
Contrebasse,Contrebasse Brillante,acoustic,organic-foundation,"bass,factory,acoustic,double-bass,organic-foundation,bright",-1.110,-9.903,ok
Contrebasse,Sustain Lyrique,acoustic,organic-foundation,"bass,factory,acoustic,double-bass,organic-foundation",-1.110,-8.063,ok
Contrebasse,Staccato Vif,acoustic,transient-bass,"bass,factory,acoustic,double-bass,transient-bass",-1.110,-13.144,ok
Contrebasse,Warm Pad Bass,acoustic,texture-bass,"bass,factory,acoustic,double-bass,texture-bass,warm",-1.110,-8.425,ok
Contrebasse,Percussivement Bois,acoustic,organic-foundation,"bass,factory,acoustic,double-bass,organic-foundation",-1.110,-12.115,ok
Basse Fingered,Groove Motown,acoustic,organic-foundation,"bass,factory,acoustic,fingered-bass,organic-foundation",-1.110,-9.052,ok
Basse Fingered,Rock Solide,acoustic,organic-foundation,"bass,factory,acoustic,fingered-bass,organic-foundation",-1.110,-9.137,ok
Basse Fingered,Jazz Fusion,acoustic,organic-foundation,"bass,factory,acoustic,fingered-bass,organic-foundation",-1.110,-9.481,ok
Basse Fingered,Pop Ronde,acoustic,organic-foundation,"bass,factory,acoustic,fingered-bass,organic-foundation",-1.110,-10.894,ok
Basse Fingered,Funk Doigts,acoustic,organic-foundation,"bass,factory,acoustic,fingered-bass,organic-foundation",-1.110,-10.013,ok
Basse Fingered,R&B Velours,acoustic,organic-foundation,"bass,factory,acoustic,fingered-bass,organic-foundation,warm",-1.110,-8.887,ok
Basse Fingered,Indie Doux,acoustic,organic-foundation,"bass,factory,acoustic,fingered-bass,organic-foundation",-1.110,-9.374,ok
Basse Fingered,Blues Profond,acoustic,organic-foundation,"bass,factory,acoustic,fingered-bass,organic-foundation",-1.110,-8.548,ok
Basse Fingered,Gospel Punch,acoustic,transient-bass,"bass,factory,acoustic,fingered-bass,transient-bass",-1.110,-9.356,ok
Basse Fingered,Country Road,acoustic,organic-foundation,"bass,factory,acoustic,fingered-bass,organic-foundation",-1.110,-9.534,ok
Basse Fingered,Reggae Laid Back,acoustic,organic-foundation,"bass,factory,acoustic,fingered-bass,organic-foundation",-1.110,-8.679,ok
Basse Fingered,Neo Soul,acoustic,organic-foundation,"bass,factory,acoustic,fingered-bass,organic-foundation",-1.110,-8.900,ok
Basse Fingered,Alt Rock Grit,acoustic,organic-foundation,"bass,factory,acoustic,fingered-bass,organic-foundation,driven",-1.110,-9.590,ok
Basse Fingered,Fingered Round Warm,acoustic,organic-foundation,"bass,factory,acoustic,fingered-bass,organic-foundation,warm",-1.110,-10.290,ok
Basse Fingered,Disco Groove,acoustic,organic-foundation,"bass,factory,acoustic,fingered-bass,organic-foundation",-1.110,-10.144,ok
Basse Fingered,Ballad Intime,acoustic,organic-foundation,"bass,factory,acoustic,fingered-bass,organic-foundation",-1.110,-10.036,ok
Basse Fingered,Punk Drive,acoustic,organic-foundation,"bass,factory,acoustic,fingered-bass,organic-foundation,driven",-1.110,-10.214,ok
Basse Fingered,Latin Groove,acoustic,organic-foundation,"bass,factory,acoustic,fingered-bass,organic-foundation",-1.110,-9.559,ok
Basse Fingered,Fingered Sub Heavy,acoustic,organic-foundation,"bass,factory,acoustic,fingered-bass,organic-foundation",-1.110,-8.589,ok
Basse Fingered,Prog Technique,acoustic,organic-foundation,"bass,factory,acoustic,fingered-bass,organic-foundation",-1.110,-9.551,ok
Basse Fingered,Metal Agressif,acoustic,organic-foundation,"bass,factory,acoustic,fingered-bass,organic-foundation",-1.110,-10.163,ok
Basse Fingered,Mute Doux,acoustic,organic-foundation,"bass,factory,acoustic,fingered-bass,organic-foundation",-1.110,-14.050,ok
Basse Fingered,Fingered Sustain Long,acoustic,organic-foundation,"bass,factory,acoustic,fingered-bass,organic-foundation",-1.110,-7.972,ok
Basse Fingered,Compétition Slick,acoustic,organic-foundation,"bass,factory,acoustic,fingered-bass,organic-foundation",-1.110,-9.881,ok
Basse Fingered,Dub Profond,acoustic,organic-foundation,"bass,factory,acoustic,fingered-bass,organic-foundation",-1.110,-8.247,ok
Basse Slap,Slap Classique,acoustic,transient-bass,"bass,factory,acoustic,slap-bass,transient-bass",-1.110,-9.754,ok
Basse Slap,Funk Attack,acoustic,transient-bass,"bass,factory,acoustic,slap-bass,transient-bass",-1.110,-10.046,ok
Basse Slap,Slap Groovy,acoustic,transient-bass,"bass,factory,acoustic,slap-bass,transient-bass",-1.110,-9.370,ok
Basse Slap,Double Thumb,acoustic,organic-foundation,"bass,factory,acoustic,slap-bass,organic-foundation",-1.110,-9.788,ok
Basse Slap,Slap Profond,acoustic,transient-bass,"bass,factory,acoustic,slap-bass,transient-bass",-1.110,-8.531,ok
Basse Slap,Pop Slap,acoustic,transient-bass,"bass,factory,acoustic,slap-bass,transient-bass",-1.110,-9.305,ok
Basse Slap,Slap Marcus,acoustic,transient-bass,"bass,factory,acoustic,slap-bass,transient-bass",-1.110,-10.575,ok
Basse Slap,Thumb Heavy,acoustic,organic-foundation,"bass,factory,acoustic,slap-bass,organic-foundation",-1.110,-8.564,ok
Basse Slap,Slap Bright Pop,acoustic,transient-bass,"bass,factory,acoustic,slap-bass,transient-bass,bright",-1.110,-9.873,ok
Basse Slap,Slap R&B,acoustic,transient-bass,"bass,factory,acoustic,slap-bass,transient-bass",-1.110,-9.173,ok
Basse Slap,Wooten Fury,acoustic,organic-foundation,"bass,factory,acoustic,slap-bass,organic-foundation",-1.110,-11.237,ok
Basse Slap,Slap Lo-Fi,acoustic,transient-bass,"bass,factory,acoustic,slap-bass,transient-bass",-1.110,-7.964,ok
Basse Slap,Slap Ghost Notes,acoustic,transient-bass,"bass,factory,acoustic,slap-bass,transient-bass",-1.110,-12.099,ok
Basse Slap,Festival Punchy,acoustic,transient-bass,"bass,factory,acoustic,slap-bass,transient-bass",-1.110,-10.490,ok
Basse Slap,Slap Vintage 70s,acoustic,transient-bass,"bass,factory,acoustic,slap-bass,transient-bass",-1.110,-8.897,ok
Basse Slap,Slap Compétition,acoustic,transient-bass,"bass,factory,acoustic,slap-bass,transient-bass",-1.110,-10.121,ok
Basse Slap,Slap Jazz,acoustic,transient-bass,"bass,factory,acoustic,slap-bass,transient-bass",-1.110,-9.414,ok
Basse Slap,Slap Électrique,acoustic,transient-bass,"bass,factory,acoustic,slap-bass,transient-bass",-1.110,-9.528,ok
Basse Slap,Slap Sub Lourd,acoustic,transient-bass,"bass,factory,acoustic,slap-bass,transient-bass",-1.110,-8.077,ok
Basse Slap,Slap Staccato,acoustic,transient-bass,"bass,factory,acoustic,slap-bass,transient-bass",-1.110,-12.845,ok
Basse Slap,Slap Chorus,acoustic,transient-bass,"bass,factory,acoustic,slap-bass,transient-bass",-1.110,-9.230,ok
Basse Slap,Slap Drive Sale,acoustic,transient-bass,"bass,factory,acoustic,slap-bass,transient-bass,driven",-1.110,-9.713,ok
Basse Slap,Slap Sustain Chaud,acoustic,transient-bass,"bass,factory,acoustic,slap-bass,transient-bass",-1.110,-8.185,ok
Basse Slap,Slap Harmonique,acoustic,transient-bass,"bass,factory,acoustic,slap-bass,transient-bass",-1.110,-9.403,ok
Sub 808,Sub Pur,808,sub-foundation,"bass,factory,808,sub-808,sub-foundation",-1.110,-8.183,ok
Sub 808,Trap Minimal,808,sub-foundation,"bass,factory,808,sub-808,sub-foundation",-1.110,-8.665,ok
Sub 808,Sub Long,808,sub-foundation,"bass,factory,808,sub-808,sub-foundation",-1.110,-7.470,ok
Sub 808,Drill Drop,808,sub-foundation,"bass,factory,808,sub-808,sub-foundation",-1.110,-9.451,ok
Sub 808,Club Sub,808,sub-foundation,"bass,factory,808,sub-808,sub-foundation",-1.110,-8.386,ok
Sub 808,808 Lourd,808,sub-foundation,"bass,factory,808,sub-808,sub-foundation",-1.110,-8.066,ok
Sub 808,Trap Court,808,sub-foundation,"bass,factory,808,sub-808,sub-foundation",-1.110,-10.228,ok
Sub 808,Sub Glissé,808,sub-foundation,"bass,factory,808,sub-808,sub-foundation",-1.110,-8.373,ok
Sub 808,UK Garage Sub,808,sub-foundation,"bass,factory,808,sub-808,sub-foundation",-1.110,-9.320,ok
Sub 808,Lo-Fi 808,808,sub-foundation,"bass,factory,808,sub-808,sub-foundation",-1.110,-7.538,ok
Sub 808,Phonk Sub,808,sub-foundation,"bass,factory,808,sub-808,sub-foundation",-1.110,-7.775,ok
Sub 808,Ambient Sub,808,texture-bass,"bass,factory,808,sub-808,texture-bass",-1.110,-8.703,ok
Sub 808,Sub Staccato,808,transient-bass,"bass,factory,808,sub-808,transient-bass",-1.110,-12.101,ok
Sub 808,Reggaeton Sub,808,sub-foundation,"bass,factory,808,sub-808,sub-foundation",-1.110,-9.047,ok
Sub 808,Sub Vibrant,808,sub-foundation,"bass,factory,808,sub-808,sub-foundation",-1.110,-8.290,ok
Sub 808,Ultra Low,808,sub-foundation,"bass,factory,808,sub-808,sub-foundation",-1.110,-7.939,ok
Sub 808,Bounce 808,808,sub-foundation,"bass,factory,808,sub-808,sub-foundation",-1.110,-8.645,ok
Sub 808,Jersey Club,808,sub-foundation,"bass,factory,808,sub-808,sub-foundation",-1.110,-9.687,ok
Sub 808,Sub Mono Glide,808,sub-foundation,"bass,factory,808,sub-808,sub-foundation,glide",-1.110,-8.380,ok
Sub 808,Sub Distortion Légère,808,sub-foundation,"bass,factory,808,sub-808,sub-foundation,driven",-1.110,-7.332,ok
Sub 808,Grime Sub,808,sub-foundation,"bass,factory,808,sub-808,sub-foundation",-1.110,-7.928,ok
Sub 808,Sub Pad Atmosphère,808,texture-bass,"bass,factory,808,sub-808,texture-bass",-1.110,-8.508,ok
Sub 808,808 Punch,808,transient-bass,"bass,factory,808,sub-808,transient-bass",-1.110,-9.821,ok
Sub 808,Sub Réverbéré,808,sub-foundation,"bass,factory,808,sub-808,sub-foundation",-1.110,-8.300,ok
Boom 808,Boom Standard,808,sub-foundation,"bass,factory,808,boom-808,sub-foundation",-1.110,-7.244,ok
Boom 808,Trap Boom,808,sub-foundation,"bass,factory,808,boom-808,sub-foundation",-1.110,-7.389,ok
Boom 808,Heavy Hip-Hop,808,sub-foundation,"bass,factory,808,boom-808,sub-foundation",-1.110,-6.987,ok
Boom 808,808 Saturé,808,sub-foundation,"bass,factory,808,boom-808,sub-foundation",-1.110,-7.606,ok
Boom 808,808 Mélodique,808,sub-foundation,"bass,factory,808,boom-808,sub-foundation",-1.110,-6.744,ok
Boom 808,Boom Deep,808,sub-foundation,"bass,factory,808,boom-808,sub-foundation",-1.110,-6.976,ok
Boom 808,Boom Clap,808,sub-foundation,"bass,factory,808,boom-808,sub-foundation",-1.110,-8.418,ok
Boom 808,Boom Smooth,808,sub-foundation,"bass,factory,808,boom-808,sub-foundation",-1.110,-7.350,ok
Boom 808,Boom Punch,808,transient-bass,"bass,factory,808,boom-808,transient-bass",-1.110,-8.014,ok
Boom 808,Boom R&B,808,sub-foundation,"bass,factory,808,boom-808,sub-foundation",-1.110,-7.508,ok
Boom 808,Boom Reggaeton,808,sub-foundation,"bass,factory,808,boom-808,sub-foundation",-1.110,-7.712,ok
Boom 808,Boom Lo-Fi,808,sub-foundation,"bass,factory,808,boom-808,sub-foundation",-1.110,-7.850,ok
Boom 808,Boom Phonk,808,sub-foundation,"bass,factory,808,boom-808,sub-foundation",-1.110,-8.414,ok
Boom 808,Boom Layered,808,sub-foundation,"bass,factory,808,boom-808,sub-foundation",-1.110,-7.167,ok
Boom 808,Boom Dark,808,sub-foundation,"bass,factory,808,boom-808,sub-foundation,dark",-1.110,-7.025,ok
Boom 808,Boom BassHead,808,sub-foundation,"bass,factory,808,boom-808,sub-foundation",-1.110,-7.468,ok
Boom 808,Boom Sustain,808,sub-foundation,"bass,factory,808,boom-808,sub-foundation",-1.110,-6.681,ok
Boom 808,Boom ATL,808,sub-foundation,"bass,factory,808,boom-808,sub-foundation",-1.110,-7.436,ok
Boom 808,Boom Glide,808,sub-foundation,"bass,factory,808,boom-808,sub-foundation,glide",-1.110,-7.271,ok
Boom 808,Boom Speaker Blow,808,sub-foundation,"bass,factory,808,boom-808,sub-foundation",-1.110,-8.060,ok
Boom 808,Boom Festival,808,sub-foundation,"bass,factory,808,boom-808,sub-foundation",-1.110,-7.202,ok
Boom 808,Boom Film Score,808,sub-foundation,"bass,factory,808,boom-808,sub-foundation",-1.110,-7.001,ok
Boom 808,Boom Vinyl Crunch,808,sub-foundation,"bass,factory,808,boom-808,sub-foundation,driven",-1.110,-7.730,ok
Boom 808,Boom Mono Funk,808,sub-foundation,"bass,factory,808,boom-808,sub-foundation",-1.110,-7.750,ok
Distorted 808,Rage 808,808,sub-foundation,"bass,factory,808,distorted-808,sub-foundation",-1.110,-6.862,ok
Distorted 808,Trap Gritty,808,sub-foundation,"bass,factory,808,distorted-808,sub-foundation,driven",-1.110,-6.428,ok
Distorted 808,Grunge Sub,808,sub-foundation,"bass,factory,808,distorted-808,sub-foundation",-1.110,-7.012,ok
Distorted 808,808 Clippé,808,sub-foundation,"bass,factory,808,distorted-808,sub-foundation",-1.110,-7.062,ok
Distorted 808,Acide Saturé,808,sub-foundation,"bass,factory,808,distorted-808,sub-foundation,acid",-1.110,-8.057,ok
Distorted 808,Distort Lourd,808,sub-foundation,"bass,factory,808,distorted-808,sub-foundation,driven",-1.110,-6.379,ok
Distorted 808,Trash 808,808,sub-foundation,"bass,factory,808,distorted-808,sub-foundation",-1.110,-7.274,ok
Distorted 808,808 Buzz Saw,808,sub-foundation,"bass,factory,808,distorted-808,sub-foundation",-1.110,-8.040,ok
Distorted 808,Distort Warm,808,sub-foundation,"bass,factory,808,distorted-808,sub-foundation,driven,warm",-1.110,-5.935,ok
Distorted 808,808 Crunch,808,sub-foundation,"bass,factory,808,distorted-808,sub-foundation,driven",-1.110,-6.820,ok
Distorted 808,Industrial 808,808,sub-foundation,"bass,factory,808,distorted-808,sub-foundation",-1.110,-7.660,ok
Distorted 808,808 Scream,808,sub-foundation,"bass,factory,808,distorted-808,sub-foundation",-1.110,-8.368,ok
Distorted 808,Distort Short,808,sub-foundation,"bass,factory,808,distorted-808,sub-foundation,driven",-1.110,-9.184,ok
Distorted 808,Phonk Rage,808,sub-foundation,"bass,factory,808,distorted-808,sub-foundation",-1.110,-6.946,ok
Distorted 808,Distort Mélodie,808,sub-foundation,"bass,factory,808,distorted-808,sub-foundation,driven",-1.110,-5.585,ok
Distorted 808,808 Fuzz,808,sub-foundation,"bass,factory,808,distorted-808,sub-foundation",-1.110,-7.304,ok
Distorted 808,Distort Glide,808,sub-foundation,"bass,factory,808,distorted-808,sub-foundation,glide,driven",-1.110,-6.413,ok
Distorted 808,808 RMS Max,808,sub-foundation,"bass,factory,808,distorted-808,sub-foundation",-1.110,-8.003,ok
Distorted 808,Distort Ambient,808,texture-bass,"bass,factory,808,distorted-808,texture-bass,driven",-1.110,-6.491,ok
Distorted 808,808 Broken Speaker,808,sub-foundation,"bass,factory,808,distorted-808,sub-foundation",-1.110,-7.705,ok
Distorted 808,Distort Bounce,808,sub-foundation,"bass,factory,808,distorted-808,sub-foundation,driven",-1.110,-6.795,ok
Distorted 808,808 Tape Sat,808,sub-foundation,"bass,factory,808,distorted-808,sub-foundation",-1.110,-5.925,ok
Moog Bass,Warm Classic,synth,character-bass,"bass,factory,synth,moog-bass,character-bass,warm",-1.110,-9.208,ok
Moog Bass,Moog Funk,synth,character-bass,"bass,factory,synth,moog-bass,character-bass,moog",-1.110,-10.194,ok
Moog Bass,Lead Bass,synth,lead-bass,"bass,factory,synth,moog-bass,lead-bass",-1.110,-9.162,ok
Moog Bass,Rétro 70s,synth,character-bass,"bass,factory,synth,moog-bass,character-bass",-1.110,-8.819,ok
Moog Bass,Moog Deep,synth,character-bass,"bass,factory,synth,moog-bass,character-bass,moog",-1.110,-8.593,ok
Moog Bass,Moog Disco,synth,character-bass,"bass,factory,synth,moog-bass,character-bass,moog",-1.110,-10.141,ok
Moog Bass,Moog Sub Drone,synth,texture-bass,"bass,factory,synth,moog-bass,texture-bass,moog",-1.110,-8.919,ok
Moog Bass,Moog Grind,synth,character-bass,"bass,factory,synth,moog-bass,character-bass,moog",-1.110,-10.008,ok
Moog Bass,Moog Pad,synth,texture-bass,"bass,factory,synth,moog-bass,texture-bass,moog",-1.110,-8.907,ok
Moog Bass,Moog Stab,synth,character-bass,"bass,factory,synth,moog-bass,character-bass,moog",-1.110,-12.715,ok
Moog Bass,Moog Wah,synth,character-bass,"bass,factory,synth,moog-bass,character-bass,moog",-1.110,-9.919,ok
Moog Bass,Moog Solo Scream,synth,character-bass,"bass,factory,synth,moog-bass,character-bass,moog",-1.110,-9.237,ok
Moog Bass,Moog 80s Pop,synth,character-bass,"bass,factory,synth,moog-bass,character-bass,moog",-1.110,-9.412,ok
Moog Bass,Moog Prog,synth,character-bass,"bass,factory,synth,moog-bass,character-bass,moog",-1.110,-8.824,ok
Moog Bass,Moog Dark Ambient,synth,texture-bass,"bass,factory,synth,moog-bass,texture-bass,dark,moog",-1.110,-8.590,ok
Moog Bass,Moog Octave Split,synth,character-bass,"bass,factory,synth,moog-bass,character-bass,moog",-1.110,-11.197,ok
Moog Bass,Moog Reggae,synth,character-bass,"bass,factory,synth,moog-bass,character-bass,moog",-1.110,-8.694,ok
Moog Bass,Moog Acid Trip,synth,character-bass,"bass,factory,synth,moog-bass,character-bass,acid,moog",-1.110,-10.942,ok
Moog Bass,Moog Filter Sweep,synth,character-bass,"bass,factory,synth,moog-bass,character-bass,moog",-1.110,-8.958,ok
Moog Bass,Moog Percussif,synth,character-bass,"bass,factory,synth,moog-bass,character-bass,moog",-1.110,-11.872,ok
Moog Bass,Moog Glide Legato,synth,character-bass,"bass,factory,synth,moog-bass,character-bass,glide,moog",-1.110,-9.170,ok
Moog Bass,Moog EQ Boost,synth,character-bass,"bass,factory,synth,moog-bass,character-bass,moog",-1.110,-9.297,ok
Reese Bass,Reese DnB,synth,character-bass,"bass,factory,synth,reese-bass,character-bass,reese",-1.110,-8.749,ok
Reese Bass,Reese Sombre,synth,character-bass,"bass,factory,synth,reese-bass,character-bass,dark,reese",-1.110,-8.275,ok
Reese Bass,Neurofunk,synth,character-bass,"bass,factory,synth,reese-bass,character-bass",-1.110,-8.922,ok
Reese Bass,Reese Large,synth,character-bass,"bass,factory,synth,reese-bass,character-bass,reese",-1.110,-7.858,ok
Reese Bass,Reese Ambient,synth,texture-bass,"bass,factory,synth,reese-bass,texture-bass,reese",-1.110,-8.979,ok
Reese Bass,Reese Jungle,synth,character-bass,"bass,factory,synth,reese-bass,character-bass,reese",-1.110,-9.361,ok
Reese Bass,Reese Dubstep,synth,character-bass,"bass,factory,synth,reese-bass,character-bass,reese",-1.110,-9.042,ok
Reese Bass,Reese Liquid,synth,character-bass,"bass,factory,synth,reese-bass,character-bass,reese",-1.110,-8.401,ok
Reese Bass,Reese Minimal,synth,character-bass,"bass,factory,synth,reese-bass,character-bass,reese",-1.110,-8.584,ok
Reese Bass,Reese Menace,synth,character-bass,"bass,factory,synth,reese-bass,character-bass,reese",-1.110,-9.292,ok
Reese Bass,Reese Sub Deep,synth,character-bass,"bass,factory,synth,reese-bass,character-bass,reese",-1.110,-8.159,ok
Reese Bass,Reese Techno,synth,character-bass,"bass,factory,synth,reese-bass,character-bass,reese",-1.110,-9.344,ok
Reese Bass,Reese Filthy,synth,character-bass,"bass,factory,synth,reese-bass,character-bass,reese",-1.110,-9.045,ok
Reese Bass,Reese Slow Evolve,synth,character-bass,"bass,factory,synth,reese-bass,character-bass,reese",-1.110,-7.467,ok
Reese Bass,Reese Aggro,synth,character-bass,"bass,factory,synth,reese-bass,character-bass,reese",-1.110,-9.585,ok
Reese Bass,Reese Pad Lush,synth,texture-bass,"bass,factory,synth,reese-bass,texture-bass,reese",-1.110,-8.778,ok
Reese Bass,Reese Roller,synth,character-bass,"bass,factory,synth,reese-bass,character-bass,reese",-1.110,-9.160,ok
Reese Bass,Reese Dark Matter,synth,character-bass,"bass,factory,synth,reese-bass,character-bass,dark,reese",-1.110,-9.059,ok
Reese Bass,Reese Cinematic,synth,character-bass,"bass,factory,synth,reese-bass,character-bass,reese",-1.110,-7.901,ok
Reese Bass,Reese Glide Smooth,synth,character-bass,"bass,factory,synth,reese-bass,character-bass,glide,reese",-1.110,-8.398,ok
Reese Bass,Reese Laser,synth,character-bass,"bass,factory,synth,reese-bass,character-bass,reese",-1.110,-10.304,ok
Reese Bass,Reese Sub Growl,synth,character-bass,"bass,factory,synth,reese-bass,character-bass,reese",-1.110,-8.448,ok
Acid Bass,Acid 303,synth,character-bass,"bass,factory,synth,acid-bass,character-bass,acid",-1.110,-8.983,ok
Acid Bass,Acid Rapide,synth,character-bass,"bass,factory,synth,acid-bass,character-bass,acid",-1.110,-11.339,ok
Acid Bass,Acid Hardcore,synth,character-bass,"bass,factory,synth,acid-bass,character-bass,acid",-1.110,-9.782,ok
Acid Bass,Acid Mélodique,synth,character-bass,"bass,factory,synth,acid-bass,character-bass,acid",-1.110,-7.417,ok
Acid Bass,Techno Acid,synth,character-bass,"bass,factory,synth,acid-bass,character-bass,acid",-1.110,-10.438,ok
Acid Bass,Acid Deep,synth,character-bass,"bass,factory,synth,acid-bass,character-bass,acid",-1.110,-7.978,ok
Acid Bass,Acid Squelch,synth,character-bass,"bass,factory,synth,acid-bass,character-bass,acid",-1.110,-10.417,ok
Acid Bass,Acid Groove,synth,character-bass,"bass,factory,synth,acid-bass,character-bass,acid",-1.110,-8.986,ok
Acid Bass,Acid House,synth,character-bass,"bass,factory,synth,acid-bass,character-bass,acid",-1.110,-8.328,ok
Acid Bass,Acid Dark,synth,character-bass,"bass,factory,synth,acid-bass,character-bass,dark,acid",-1.110,-7.716,ok
Acid Bass,Acid Rave,synth,character-bass,"bass,factory,synth,acid-bass,character-bass,acid",-1.110,-11.379,ok
Acid Bass,Acid Warm,synth,character-bass,"bass,factory,synth,acid-bass,character-bass,warm,acid",-1.110,-7.265,ok
Acid Bass,Acid Staccato,synth,transient-bass,"bass,factory,synth,acid-bass,transient-bass,acid",-1.110,-13.361,ok
Acid Bass,Acid Screech,synth,character-bass,"bass,factory,synth,acid-bass,character-bass,acid",-1.110,-10.514,ok
Acid Bass,Acid Glide Lent,synth,character-bass,"bass,factory,synth,acid-bass,character-bass,glide,acid",-1.110,-7.388,ok
Acid Bass,Acid Minimal,synth,character-bass,"bass,factory,synth,acid-bass,character-bass,acid",-1.110,-8.011,ok
Acid Bass,Acid Drive Lourd,synth,character-bass,"bass,factory,synth,acid-bass,character-bass,driven,acid",-1.110,-9.767,ok
Acid Bass,Acid Rétro,synth,character-bass,"bass,factory,synth,acid-bass,character-bass,acid",-1.110,-8.289,ok
Acid Bass,Acid EBM,synth,character-bass,"bass,factory,synth,acid-bass,character-bass,acid",-1.110,-8.993,ok
Acid Bass,Acid Filter Env,synth,character-bass,"bass,factory,synth,acid-bass,character-bass,acid",-1.110,-8.926,ok
Acid Bass,Acid Sustain,synth,character-bass,"bass,factory,synth,acid-bass,character-bass,acid",-1.110,-6.806,ok
Acid Bass,Acid Lo-Fi Tape,synth,character-bass,"bass,factory,synth,acid-bass,character-bass,acid",-1.110,-7.527,ok
